{"train_loss": [0.8294950050125092, 0.8259303390599514, 0.8247873370537157, 0.8240399271297303, 0.822249011179667, 0.8216947413612591, 0.8208253884144376, 0.8188532891741209, 0.8186160228088902, 0.8178112486903177, 0.8167789470065724, 0.8159579887059316, 0.8145241536782308, 0.8127529971432268, 0.8123619726590182, 0.8117953025553215, 0.8102501368408568, 0.8101723578653077, 0.8093848076353423, 0.808039241763013, 0.8070677470362357, 0.8059058529243135, 0.8055997587847368, 0.8040558178173868, 0.8039978342858608, 0.8028975912923828, 0.8023353001812809, 0.8009423642067247, 0.7994653408131911, 0.798978275659552, 0.7984616557757059, 0.797578324161268, 0.7965955894434471, 0.7957096149761711, 0.7960427364474089, 0.794176169939969, 0.7938730498535211, 0.7919949038367142, 0.7923147347555206, 0.7907020405433965, 0.7910032340784392, 0.7894557660276239, 0.7887067893190247, 0.7880927349011484, 0.7876106980694918, 0.7865832632428341, 0.7858157850433575, 0.7847777888820502, 0.7854421157300757, 0.7833724731558628], "valid_loss": [0.8736333482584376, 0.8686464375751034, 0.8753674903493018, 0.8803822037520682, 0.8767092459520717, 0.8744920260587316, 0.8661285384445433, 0.8645784190505933, 0.8603332938662, 0.8795493905711326, 0.8722343820675164, 0.8674216129977232, 0.8585584706561581, 0.8628263989831232, 0.8520516141964372, 0.8522365005912295, 0.8644021954506066, 0.8600473943029999, 0.857865780402141, 0.8532292584704745, 0.8665566474768767, 0.8484562791077195, 0.844741090467781, 0.843828174718626, 0.8643586612810754, 0.8597373248665197, 0.8512469340281882, 0.8511422044911962, 0.851037935086876, 0.8423679926592833, 0.8455340406697267, 0.8438608623613977, 0.8397826077831778, 0.8451543511099117, 0.8434425155827954, 0.836813579319389, 0.8399685473199103, 0.8361668032445725, 0.8436233773352994, 0.8497814217190833, 0.8375995607133124, 0.8426094989108431, 0.8364791015910494, 0.8465362255740317, 0.8461352966393635, 0.8412921352750936, 0.8580035043370192, 0.8333895848055554, 0.8284252502356365, 0.8359587211517772]}