{"train_loss": [0.9069457796106688, 0.9020686056435203, 0.8998886668130731, 0.8975460500333108, 0.8952481709598925, 0.8937206150432142, 0.8912218486388144, 0.8897377673708842, 0.888139866613315, 0.8852588078051663, 0.8842032952456953, 0.8816675935920916, 0.8801005563952706, 0.8782380006530068, 0.8770137082731895, 0.8752681370081894, 0.8734376129161038, 0.8716168485855181, 0.8694551607068075, 0.8685816470325659, 0.867004465210761, 0.8647912839573156, 0.8636287669435833, 0.8623748264339361, 0.8599603379076938, 0.8581550814318315, 0.857414803341435, 0.8556482221996575, 0.8541195210562559, 0.8534615915833097, 0.8513144931059324, 0.8509157660285062, 0.8486203383505819, 0.847340075545714, 0.8460851069747736, 0.8451617466585868, 0.8431893050955813, 0.8432719308223451, 0.8415611919603849, 0.8398434160428755, 0.8387804626943202, 0.8374274038907253, 0.8364212925544386, 0.8347655266665956, 0.8339759032501939, 0.8326719501657349, 0.8314847727521565, 0.8300019948961632, 0.8290647964158127, 0.8288197088659855], "valid_loss": [0.9275257412795048, 0.9246483984266877, 0.9251108875699864, 0.9569933023422387, 0.9144317143282313, 0.9202687747918876, 0.9305871660542336, 0.9268240275656342, 0.9279389396594588, 0.9161896637290906, 0.9107750407449758, 0.9237058079166777, 0.9096852039835256, 0.9079073375197733, 0.9051204426273419, 0.9243702212716364, 0.901624753217029, 0.9078773677728738, 0.9134292651893227, 0.9040915730652536, 0.9066573556061763, 0.8984958248533261, 0.8927262414033246, 0.9024048026200313, 0.8940426065663624, 0.9058305385765756, 0.9002521584747704, 0.8919850204400955, 0.8915011810648973, 0.8891887619237232, 0.900169818644311, 0.885565040217843, 0.8838201856157583, 0.8802798918098401, 0.8893558117234783, 0.8755740174062693, 0.8795967606981848, 0.8813668595757455, 0.8838054002470271, 0.8717091774484914, 0.8764382965245824, 0.8835562076538231, 0.8840380535004245, 0.8772923012447965, 0.8775760755417453, 0.8862823851548942, 0.8699432820271534, 0.871470106635124, 0.8718535607787454, 0.8671813227568462]}