{"train_loss": [1.3019282462779416, 1.2117451521103082, 1.1803749692782262, 1.157806765282173, 1.1402535214188376, 1.1257865036313424, 1.1136401119794952, 1.1004774566187243, 1.0902880775776396, 1.0804980093972725, 1.0713837005114821, 1.0622956647732231, 1.054459157125041, 1.046734921432188, 1.0403354134666103, 1.0324524551677552, 1.025733576009148, 1.0199564335068638, 1.0137750320077132, 1.00747176529498, 1.0018126602853503, 0.9969055670205106, 0.9921574955256551, 0.9875172073380989, 0.9834518088963613, 0.978622468417151, 0.9751446549877215, 0.969715218081999, 0.9669164931089684, 0.9637054031450403, 0.9599368176772074, 0.9559498212554238, 0.9533265757313566, 0.9490052556212059, 0.9464782916092607, 0.9430819063950954, 0.9403530932499461, 0.9370467914728837, 0.934901395863133, 0.9312038914058387, 0.9286976459494047, 0.9260021678663707, 0.9227521207058829, 0.9207815236547157, 0.9183548564831036, 0.9163491490164822, 0.9136004685595085, 0.9112456770795004, 0.908534457286199, 0.9062681049821479], "valid_loss": [1.2316842174074452, 1.1984074711799622, 1.1547806414828938, 1.1350729127598416, 1.1210356362306388, 1.1203492860885182, 1.0932287452327218, 1.1442181843860892, 1.0800953355564433, 1.0679702777771434, 1.0862102789484012, 1.0970880970074113, 1.0617835643185172, 1.0342954002368223, 1.0356165432626274, 1.0793037805587622, 1.0258767061932073, 1.0207290584874, 1.0191275295178601, 1.0564663391204396, 1.0306291671315575, 1.0143401425355558, 1.011725593524374, 1.004947307383179, 0.9920405510124887, 1.0108190976130735, 0.9788659226362872, 0.9909923634711345, 0.9871281370235856, 0.9756859996516234, 0.9938513112675612, 0.9787575021670882, 0.9592550021068306, 0.9861928399201412, 0.9853878264214583, 0.9665380427791814, 0.9588685726663869, 0.9569247034704609, 0.9508581609482978, 0.9502278148748313, 0.9572500108153956, 0.9460260336566123, 0.9415084761419114, 0.9352223926289066, 0.9376855940575812, 0.9347847726694338, 0.9397945783700153, 0.942489296387715, 0.9843770364287553, 0.946505702225266]}