{"train_loss_dc": [0.8298465661835253, 0.8241241781525255, 0.8213532299896557, 0.8187366178826662, 0.8172701719845311, 0.8154627026743486, 0.8131892106464605, 0.811298656786838, 0.8086908671179076, 0.8078883095411212, 0.8048315026828546, 0.8035107318674358, 0.8029167665438979, 0.7998249819784453, 0.7982745507117094, 0.7967843034050681, 0.7950389990300843, 0.7932382143760602, 0.7918900146343681, 0.7899002812600783, 0.7882774250263993, 0.7873517394636236, 0.7849789958156087, 0.7838856860686337, 0.7833618648124464, 0.7810516935881625, 0.7801678963540274, 0.7782810760076727, 0.7775278002546545, 0.7749986346258501, 0.7739813673819461, 0.7728841049058965, 0.7721618533704839, 0.7709957673979337, 0.7690607421516041, 0.7684004016850363, 0.7671751914222085, 0.7651095016246017, 0.7640840817106207, 0.7639859348202817, 0.7622110618358594, 0.7611640587662966, 0.7606682666180807, 0.75959584625524, 0.7576877962459218, 0.7569746809998198, 0.756077482226933, 0.7546188730562322, 0.7533169608842433, 0.7523477171121412], "valid_loss_dc": [0.8551671558125004, 0.8509468113540843, 0.8553504195942241, 0.8566581155084501, 0.8558613938890445, 0.8594411535627523, 0.8540432339261292, 0.8518225357031367, 0.8393598525387467, 0.8501757106203942, 0.8540480729121311, 0.8535420397284684, 0.837598040605047, 0.8373095761438843, 0.8404346290667346, 0.8348052239721748, 0.832243695000934, 0.8387311989334738, 0.8356424186639725, 0.8374012902284124, 0.836937160248969, 0.8291090836950169, 0.8404699784175605, 0.8542361734019723, 0.8300964259038306, 0.8276741398367912, 0.827184301652726, 0.8235638384606428, 0.8248773194422387, 0.8298856035159652, 0.8236569014324504, 0.8155745396948164, 0.8274324786890844, 0.8133991223991297, 0.8311507189349764, 0.8194867611690692, 0.8168739706847319, 0.8224683897510455, 0.8110314622806136, 0.8161948418161672, 0.8159623483943331, 0.8146871256220872, 0.8059509343402401, 0.8133642145782519, 0.8060249504010388, 0.8138373099314938, 0.8043495074958559, 0.8022940489137249, 0.8059592228026906, 0.8101369901827187], "train_loss_mask": [0.40039768672445747, 0.39813315704393615, 0.3973384825616742, 0.39654224350501854, 0.3959125604783519, 0.39522301074135247, 0.39456250027796486, 0.3938882917260819, 0.39302442000623333, 0.3926737767657595, 0.39186397610763996, 0.3912080797282132, 0.3909882254530178, 0.38988485944233064, 0.3895452587941047, 0.38898143545387276, 0.3883231036495744, 0.3876856530777385, 0.38727096419490314, 0.38661597032200967, 0.3859614306612258, 0.3855313533943806, 0.38496319540855034, 0.3846421996562295, 0.3843102328229749, 0.3834672507249187, 0.3831485315468133, 0.3826112370741995, 0.3820962749504777, 0.3814853081625234, 0.3811419488092739, 0.3806888350126656, 0.38029658043403564, 0.37994045941263105, 0.37935884786469704, 0.3791071192452022, 0.3785407581445323, 0.378134075011553, 0.37764581039761813, 0.3774524888876332, 0.3770390204265357, 0.3765132435771267, 0.3761499997769056, 0.3759253500371078, 0.3753833079404618, 0.37505296521494835, 0.3749302070249211, 0.3744071701829703, 0.37392081020836626, 0.37364321317303884], "valid_loss_mask": [0.39879768672445747, 0.39643315704393615, 0.3971384825616742, 0.39704224350501854, 0.3971125604783519, 0.39862301074135247, 0.39516250027796486, 0.3962882917260819, 0.39342442000623333, 0.3956737767657595, 0.39486397610763996, 0.3940080797282132, 0.3927882254530178, 0.39128485944233064, 0.3929452587941047, 0.39078143545387276, 0.3888231036495744, 0.3901856530777385, 0.38950096419490314, 0.38851597032200967, 0.3882014306612258, 0.3873013533943806, 0.3916319540855034, 0.3933421996562295, 0.3864102328229749, 0.3871672507249187, 0.3859485315468133, 0.3859112370741995, 0.3847062749504777, 0.3863053081625234, 0.3837419488092739, 0.3844088350126656, 0.38440658043403564, 0.38344045941263105, 0.38635884786469704, 0.3826071192452022, 0.3821407581445323, 0.382934075011553, 0.38144581039761813, 0.3821524888876332, 0.3814390204265357, 0.3807132435771267, 0.379699997769056, 0.3817253500371078, 0.3796833079404618, 0.38205296521494835, 0.3792302070249211, 0.377771701829703, 0.37882081020836626, 0.37984321317303884]}