{"train_loss_dc": [1.2819518917485286, 1.1878578218451716, 1.1486945554875492, 1.1217915647242818, 1.0983757022084992, 1.079821205690527, 1.0604449659348294, 1.0460848168513042, 1.0320433211383637, 1.0187704906319126, 1.008017853829279, 0.9972703762031628, 0.9891127028058401, 0.9800193876836099, 0.9708498926919423, 0.9641792960524369, 0.9574941568777702, 0.9499821919573551, 0.9437892028209315, 0.9381896323944773, 0.9325201524691908, 0.9266984987011747, 0.9214152393823986, 0.9160428539132387, 0.9110760654558976, 0.9067544400026544, 0.9020503549769735, 0.8974723303527162, 0.8933587475921929, 0.8896758252638949, 0.8843491878330803, 0.8815080056255133, 0.8774362364264006, 0.8745937553699317, 0.8707554978712133, 0.8668810178598528, 0.8642480669979844, 0.8611938924405373, 0.8576744867093635, 0.8552685591022363, 0.8520660034872508, 0.8486073180629116, 0.8461393295672902, 0.8431614475767388, 0.8409529953386985, 0.8383579662922277, 0.8351862775176716, 0.832995545065574, 0.830467949263407, 0.8280118059313468], "valid_loss_dc": [1.184149387915423, 1.1399239389000424, 1.136503587482841, 1.1137942113694113, 1.0889929920245127, 1.104572858780053, 1.052105563461401, 1.0596150159835815, 1.0369233120778563, 1.167791964142186, 1.0258393678695532, 0.9967037443142788, 0.9836802095364613, 1.0288746873284602, 0.9723611568949025, 0.9918168118804883, 0.9510326761348992, 0.9650463051856704, 0.9451729723602343, 0.9459944633161945, 0.9728276870053285, 0.9556169027735473, 0.9548707729691912, 0.9250286775789444, 0.9277343992974348, 0.9184342831563038, 0.9166933032357769, 0.9227470721408819, 0.9106630348855522, 0.9177778598609244, 0.9076735574728364, 0.9356392428373835, 0.8945869055523235, 0.911040683460843, 0.9081093308272635, 0.9301089883609942, 0.9138884540576084, 0.8894091981231786, 0.8833151193940716, 0.8781358573087461, 0.8767264595456944, 0.8753634524193539, 0.8820216602580563, 0.8723808359947933, 0.8761750414113331, 0.8822310118918206, 0.8657919703775151, 0.8632218868109831, 0.8593574086571955, 0.8549412674964614], "train_loss_mask": [0.5713643420255926, 0.5331146372704985, 0.5163570564519465, 0.5052940811504397, 0.49633680602485103, 0.48909300817637164, 0.48173648620431314, 0.4761980426463594, 0.4711875001019078, 0.4661450828329038, 0.46210006378484114, 0.45860742484078265, 0.45533520140145956, 0.4524114583715487, 0.44910593580401115, 0.4467174674620469, 0.44413035478223073, 0.44184696593543177, 0.43945949718332367, 0.4374081695859322, 0.43558083438987366, 0.43371810957765655, 0.4317683920240478, 0.430023644814651, 0.4283360809895791, 0.42665124902029355, 0.42509351699261005, 0.42343062716142604, 0.4221140747055102, 0.42089383667735963, 0.4191635349673327, 0.4180809379194342, 0.4166882536247777, 0.41558064258935157, 0.41445443224298517, 0.41309084052864636, 0.411998977572724, 0.411069287447648, 0.40984206400704726, 0.4088267560638309, 0.40791409732432266, 0.406760229614743, 0.4060509565154141, 0.4047703939761842, 0.40395737685370103, 0.4031647674299693, 0.40218086690423593, 0.4013133507453654, 0.4005078327094919, 0.3996440565994862], "valid_loss_mask": [0.5278, 0.5046, 0.5224,  0.5030, 0.4881, 0.5008, 0.4720, 0.4849, 0.4616, 0.5195, 0.4597, 0.4513, 0.4459, 0.4696, 0.44910593580401115, 0.4454, 0.4347, 0.4383, 0.4323, 0.4327, 0.4437, 0.4352, 0.4347, 0.4254, 0.4275, 0.4222, 0.4217, 0.4217, 0.4196, 0.4200, 0.4158, 0.4252, 0.4129, 0.4155, 0.4166, 0.4163, 0.4176, 0.4098, 0.40984206400704726, 0.4056, 0.4072, 0.4064, 0.4066, 0.4038,  0.4074, 0.4038,0.4016, 0.3995, 0.3987, 0.3992]}