{"train_loss_dc": [0.7535505878963349, 0.7511741488554071, 0.7493891668947119, 0.7486262516351788, 0.7477037471732454, 0.7464540775217698, 0.7457127651909702, 0.7441379877558926, 0.7442030326791548, 0.7436126294698822, 0.7415913827301402, 0.7419234005648173, 0.7399367331222674, 0.7392680833214208, 0.7386222991266509, 0.7367032593802402, 0.7372341977827477, 0.7367833411199244, 0.7346821061827159, 0.7340520988716083, 0.7338957999501692, 0.7330092843354604, 0.7325164322077372, 0.7307589911577994, 0.7305125397358214, 0.7301798755187167, 0.7279984998550901, 0.7281913090455665, 0.7276227584010676, 0.7265968296611518, 0.7267630191510944, 0.7260771076264754, 0.7244842029644541, 0.7240708949938536, 0.72367093779824, 0.7236625131522639, 0.7214216894130007, 0.7217747837162474, 0.7212998733946391, 0.7199806755904756, 0.719529557598835, 0.7173941950573686, 0.7189654462170183, 0.7167987516907414, 0.716530432493873, 0.7162785960251444, 0.7151784623068486, 0.7148442441861975, 0.7136728615757001, 0.7141623928596338], "valid_loss_dc": [0.8203537354044094, 0.8005270935167932, 0.8119931653806358, 0.8009888742380081, 0.8034719285691619, 0.8078522439215593, 0.7993020225482382, 0.7993123060578753, 0.8170365489971866, 0.7983574335742148, 0.7989176090355892, 0.7966401311242657, 0.7937247491186592, 0.7956021173744444, 0.7904537980723533, 0.7911545565933179, 0.7920826654525319, 0.7897847746587863, 0.7919392285832934, 0.7895890189583894, 0.786529632510653, 0.810116879499642, 0.8659396160180401, 0.787547308548241, 0.7838159378167171, 0.7852894287959785, 0.7943312005632243, 0.7874162151555347, 0.7908518105555492, 0.7888176418413781, 0.79218409927028, 0.7808810567400258, 0.7814256788059405, 0.7851955374335028, 0.7829942631114061, 0.7825746623573789, 0.7812342970234574, 0.7842048026953533, 0.7928620797054023, 0.7736595884250228, 0.7874267199996171, 0.7966451162745238, 0.7810225099515004, 0.7727160655009518, 0.7785272848833898, 0.7914535911979189, 0.7864688581721798, 0.7707883104397233, 0.7770460042983863, 0.7795140287678712], "train_loss_mask": [0.37416938634105085, 0.37307394342274186, 0.37265040569803554, 0.37219180846423433, 0.3719400200974998, 0.3715917730920813, 0.3713466321167193, 0.3709334954500579, 0.3707583325616481, 0.37043321657884254, 0.37009718061158914, 0.36992968661648234, 0.3693710689862189, 0.36912541286321726, 0.36882700627310233, 0.3686247873201705, 0.3682865181750658, 0.36811811656377724, 0.36777491732077167, 0.3673800446770408, 0.36722759747999517, 0.36693328514433743, 0.3665899295936171, 0.3663438808357126, 0.3661155529807439, 0.36601657804214593, 0.3655627016007805, 0.3654648972470224, 0.36502604597683347, 0.3647913547556556, 0.36460267900945276, 0.36440671949485465, 0.3641115857178325, 0.36388647456488543, 0.36376065845219524, 0.36362673537107554, 0.36323036241569395, 0.36305209233810265, 0.36293097441656547, 0.3627028528488044, 0.36234239908306604, 0.36202549380643895, 0.3618461506551152, 0.36161776129423717, 0.3614948599627524, 0.36117432830911694, 0.36090744069318453, 0.360893970447484, 0.3605361870791543, 0.36051451577619315], "valid_loss_mask": [0.38136938634105085, 0.37737394342274186, 0.37935040569803554, 0.37739180846423433, 0.3766400200974998, 0.3789917730920813, 0.3768466321167193, 0.3768334954500579, 0.3805583325616481, 0.37663321657884254, 0.37779718061158914, 0.37582968661648234, 0.3747710689862189, 0.37472541286321726, 0.37402700627310233, 0.3744247873201705,  0.3745865181750658, 0.3736811656377724, 0.37307491732077167,0.3727800446770408, 0.37242759747999517, 0.37573328514433743, 0.3880899295936171, 0.3726438808357126, 0.3721155529807439, 0.37151657804214593,  0.3717627016007805, 0.3718648972470224, 0.37352604597683347, 0.3716913547556556, 0.37230267900945276, 0.36980671949485465, 0.3705115857178325, 0.37128647456488543, 0.36956065845219524, 0.36982673537107554, 0.36983036241569395, 0.37075209233810265,  0.37573097441656547, 0.368428528488044, 0.3707239908306604, 0.37212549380643895, 0.3694461506551152,  0.36751776129423717, 0.3688948599627524,  0.37157432830911694, 0.37060744069318453, 0.366693970447484, 0.3689361870791543, 0.36801451577619315]}