{"train_loss": [0.5516229985813585, 0.5026129697355928, 0.4759512010135909, 0.4540125103563403, 0.43476603024504024, 0.41936356511317563, 0.4069207037845107, 0.39766124568202277, 0.3903624589601012, 0.384741478820927, 0.37999144681332786, 0.37546751601844314, 0.3717680348163587, 0.3684353992651904, 0.3656431587451573, 0.36258693517109997, 0.35986578782969875, 0.35736092979733075, 0.3554035372188407, 0.35355176518788556, 0.3517617626766269, 0.3498167750177581, 0.34846002771333456, 0.3467032303365224, 0.34533680782934123, 0.3438356622602, 0.3425651953408593, 0.3411941007849132, 0.34005456183705796, 0.3389824619798949, 0.3379476155485643, 0.33674906491282647, 0.33592661858745737, 0.3352224066544568, 0.3341821238422318, 0.3331165111711341, 0.3323471655258151, 0.3315628348735341, 0.33091471782711707, 0.33001893630438445, 0.3291574751028414, 0.3286190852166363, 0.3278226735013904, 0.3271224619716739, 0.3265631024204373, 0.32606704231274375, 0.3252681850959239, 0.324920936515837, 0.32424395423281516, 0.3236292250323714], "valid_loss": [0.5327254810910316, 0.48308961881194146, 0.4574378751645422, 0.4404961276965536, 0.42564573352503926, 0.41383121708396137, 0.40648524510632655, 0.39980772080694793, 0.3982844014835965, 0.3916309063981293, 0.3901428747328983, 0.3889274012510944, 0.384923844390614, 0.3855626336328543, 0.38500599098053706, 0.38041978770760215, 0.3814546875892931, 0.37833506950906887, 0.3778974749859731, 0.37953776462822203, 0.3785925002614404, 0.37710893116179545, 0.3758286440828044, 0.3730121029030745, 0.3731590082311326, 0.37121510182975964, 0.37303675189139734, 0.37249460854348104, 0.3707798199289164, 0.3699978242634208, 0.37078632917373805, 0.36877404637397476, 0.37125892567027147, 0.3703544563168933, 0.3692070923413441, 0.36989840086857984, 0.3665035285387829, 0.36645492133061597, 0.36650309593054897, 0.3690628418876867, 0.36650572859557573, 0.365642305772016, 0.36371224511201217, 0.3671467782585484, 0.36609250629783435, 0.36335946875772657, 0.36587404711231303, 0.3649745027350772, 0.3632525376453521, 0.3634335448028176]}