{"train_loss": [0.5639282429570026, 0.5172617945944864, 0.49494148172925345, 0.47753356551629694, 0.4642471460539378, 0.4531914406891265, 0.44274948069163295, 0.4346791480146527, 0.4267530685121363, 0.4205946739780846, 0.41390203488500493, 0.40878751277448266, 0.40292472866448487, 0.39896121362084597, 0.39489589897734506, 0.39071351235087787, 0.3873813497630413, 0.38437266096448974, 0.38083142648188123, 0.37831391427410466, 0.37556411606368073, 0.3730867396463808, 0.3707434666926781, 0.36878503740214086, 0.3665475692998089, 0.36489266005049104, 0.3629807452455852, 0.36096855277935286, 0.3592461977136192, 0.3575529921710776, 0.3564007254926402, 0.3546725043839815, 0.35333105653191677, 0.3520951296248885, 0.35083695725675973, 0.3496879729928012, 0.348680608628089, 0.34783819020745094, 0.3466636617883351, 0.34540337126886256, 0.3445165474116327, 0.3434678114106971, 0.3421747520019373, 0.34142596679821346, 0.34046941185206697, 0.3396740084487285, 0.3390259746539346, 0.33839474877482206, 0.33748134112719336, 0.33689240395927733], "valid_loss": [0.5275617591135061, 0.5056554859231233, 0.4867715695101744, 0.48364442055392415, 0.4626951109451853, 0.45502951057853214, 0.449221967891523, 0.44572415549284333, 0.4398711443327035, 0.44287462655905707, 0.43315332881204643, 0.435109159749025, 0.4292445425774641, 0.4350305340092653, 0.4301507907688238, 0.4365076809931713, 0.4247087840062038, 0.42001712056481916, 0.42040552398201764, 0.4203069897214319, 0.42593075382481715, 0.41617090478064905, 0.4153392083325963, 0.4153644290699321, 0.4154373037207658, 0.4129486108661457, 0.4175614502019943, 0.4111777652221121, 0.4145423318170438, 0.42021466782138606, 0.41126480755532624, 0.41404600678735476, 0.4073711789337693, 0.4109037979772896, 0.41229026940218205, 0.40804291986356117, 0.41010387441155255, 0.40784231321826864, 0.4064577077604403, 0.4082658767320548, 0.40683025975895537, 0.4056419944687254, 0.4052082334354425, 0.412570589856737, 0.4038699079471029, 0.4081822388870701, 0.40894854068756104, 0.40523852170652647, 0.4186477469410866, 0.40791886380523634]}