{"train_loss": [34248527.402524546, 32444805.217391305, 31855025.89901823, 31470363.497896213, 31131069.032258064, 30888685.335203364, 30706973.20336606, 30509408.98457223, 30329543.074333802, 30177952.460028052, 30019959.343618512, 29850370.417952314, 29752984.43197756, 29638277.20056101, 29520666.3141655, 29382609.116409536, 29282030.80224404, 29177134.288920056, 29097700.134642355, 28975539.826086957, 28877832.266479664, 28765482.67601683, 28700332.36185133, 28582293.50350631, 28525832.55539972, 28427033.44460028, 28339704.42636746, 28264942.82748948, 28187058.57503506, 28109026.235624123, 28038384.504908837, 27966749.17251052, 27898714.942496493, 27824721.99719495, 27753169.0799439, 27662216.014025245, 27607342.06171108, 27547547.08274895, 27477505.54558205, 27429755.02103787, 27366650.681626927, 27289094.67882188, 27235297.377279103, 27190558.95371669, 27112261.960729312, 27070928.546984572, 27005592.235624123, 26968843.11360449, 26902604.328190744, 26851912.398316972], "valid_loss": [32408868.247222222, 32802569.055555556, 31350209.419444446, 31385934.91388889, 31234761.298611112, 30490733.077777777, 30755418.286111113, 30316118.175, 29927608.451388888, 30144035.969444446, 29991343.458333332, 29721010.972222224, 29546155.49861111, 29472649.08611111, 30000527.555555556, 29979588.666666668, 29243602.036111113, 29233410.559722222, 29320859.066666666, 28942488.225, 28853552.033333335, 28968911.843055554, 29077851.597222224, 28664430.98888889, 28519933.361111112, 29128541.869444445, 28498552.083333332, 28388391.427083332, 28301916.944444444, 28213973.31111111, 28390377.38472222, 28107549.48888889, 28112635.194444444, 28602201.47777778, 27978023.83611111, 28143790.43888889, 27966776.809027776, 28043441.798611112, 27917612.347222224, 27780023.276388887, 27790238.598611113, 28007792.216666665, 27828471.722222224, 27606485.722222224, 27564136.409027778, 27617190.269444443, 27506001.422222223, 27418304.141666666, 27341706.375, 27391316.4]}