{"train_loss": [2048.6119298558683, 1939.6615431382743, 1899.1341457698045, 1871.3012008225523, 1847.2263067848492, 1829.3263856425278, 1810.999326124999, 1794.881386152385, 1782.303556230556, 1766.7419289915515, 1753.5438290535305, 1744.1366300708303, 1729.974673620843, 1720.622729466502, 1711.004251735954, 1700.9146766883332, 1690.4103504644452, 1681.1769972334155, 1673.826533590976, 1664.6394942121592, 1657.4432853044552, 1650.1276875696076, 1642.7734865592945, 1636.298210982835, 1627.9759097192114, 1621.756476549272, 1615.2040033796973, 1609.0461181126916, 1602.6981335057515, 1596.3270791027182, 1590.729909608892, 1583.8669677766482, 1578.8269829587018, 1572.8712694066753, 1568.0060028927003, 1562.8240937258556, 1558.2477848990097, 1553.4873349321697, 1547.2283820925356, 1543.6299895196762, 1538.8344943444395, 1534.4845804839558, 1529.816739230329, 1525.540202133283, 1521.4056761218396, 1516.8671219056685, 1512.6445433221825, 1509.1013932486449, 1505.1901551416709, 1501.103808808866], "valid_loss": [1959.284904399671, 1934.0682701994244, 1878.5645231548108, 1860.8858264802632, 1879.4427805047287, 1835.7393643349096, 1850.1663754111842, 1800.9659470086349, 1786.684490131579, 1798.0982393606087, 1758.8392202919408, 1768.3413354492188, 1761.6190599300987, 1745.5885316868832, 1749.5019383480674, 1740.844480365954, 1718.42906275699, 1710.7008403577302, 1695.6598377107318, 1707.6479524311267, 1699.3275592362254, 1694.1649115953946, 1680.235611508018, 1691.9812399773848, 1673.5724286852385, 1674.5010401675577, 1668.8295843184621, 1682.7487350945723, 1652.493873355263, 1656.5357288240132, 1658.4889229543585, 1658.4225988127057, 1650.3137877775494, 1639.9418603515626, 1639.6002230674342, 1648.4805449475741, 1634.982568359375, 1623.8972843852796, 1621.4548583984374, 1650.1044918020148, 1630.4377546772205, 1620.2713973838404, 1617.3256100945723, 1622.1941997327303, 1607.1575881476151, 1610.7966967773436, 1604.8060564864309, 1597.6838168174343, 1598.7817688630757, 1605.5789283511513]}