{"train_loss": [1.0357415400246919, 0.981363671441232, 0.9643315956268204, 0.950745753285594, 0.9421208275150283, 0.9341811597096469, 0.9281759461045767, 0.9230117998484307, 0.9179197137686849, 0.9127809249000496, 0.908635396609634, 0.9046904871039103, 0.9004050804221112, 0.8962944029591361, 0.8929166445223847, 0.8903502724949809, 0.8872089412737361, 0.8836456616663833, 0.880794545126162, 0.8773692805335699, 0.8742702239693297, 0.8708937316087988, 0.8688374503631913, 0.8658018821084984, 0.8631915042142881, 0.8601082718890646, 0.858775584761257, 0.856638377712619, 0.8537712786007061, 0.8509219148383067, 0.8481729424350893, 0.8458861558166493, 0.8446189815499839, 0.8420208938325773, 0.8401362864198725, 0.8382106873129729, 0.8363338857680183, 0.8335193211701274, 0.8326470220741015, 0.8301168543927967, 0.8286003216286026, 0.8260671571628576, 0.8254046008764109, 0.8235309335493273, 0.8214740928727481, 0.8199229254628967, 0.8176455043810112, 0.816087661334542, 0.8148280505043929, 0.8133117758876646], "valid_loss": [0.9848553796609243, 0.9994848198360867, 0.9552107281155057, 0.9433615568611357, 0.9329215887520048, 0.9255623930030399, 0.9190137700902091, 0.9224536001682282, 0.9180019262764189, 0.9387265778250165, 0.9172201650010214, 0.897584695286221, 0.897239629427592, 0.8958765427271526, 0.9097997519705031, 0.898552389939626, 0.9419215116235945, 0.8817011323240068, 0.8797573311461343, 0.9088358852598403, 0.8731405897272958, 0.8736336165004306, 0.8819348050488366, 0.8750958697663413, 0.8650243682993783, 0.8674615220891104, 0.8642459332942962, 0.866723256972101, 0.8622841871447033, 0.8587088081571791, 0.8579871677690082, 0.8592609849241045, 0.8624981588787503, 0.8572270522514979, 0.853819986515575, 0.8517669167783525, 0.8635625034570694, 0.8548957927359475, 0.860658312175009, 0.8454216731919183, 0.8489036215676202, 0.8460216965940264, 0.839693527089225, 0.83976698451572, 0.8360708389017317, 0.8434006412823994, 0.8374253428644605, 0.8396165274911457, 0.8342229786846372, 0.8360451688369115]}