{"train_loss": [43592.729260330576, 1388.8079991154564, 1400.5461054183806, 1393.4884647241847], "valid_loss": [1274.6562559795666, 1253.3808254392522, 1300.7631424815197, 1296.4230848060058]}