{"train_loss_dc": [1.0216917853703171, 0.9678971395418988, 0.9474254948561188, 0.9346651870438628, 0.9243997293635471, 0.9132568051236541, 0.9057200275162995, 0.8977181283655207, 0.8908541057086425, 0.8851625830729245, 0.8794196968660448, 0.8729656943097857, 0.8684198733466203, 0.8635079089923126, 0.8589207974757587, 0.853875660712388, 0.8500319782012308, 0.8454462992024789, 0.8418898148590184, 0.837714172262296, 0.8330171619023381, 0.8303356830234447, 0.8266115840655055, 0.8231035388201517, 0.8194812027134033, 0.816125555844327, 0.8133474995511444, 0.8106073515612481, 0.8074658178681244, 0.8033367038441909, 0.8018456211765551, 0.7989336119293331, 0.7968616101049608, 0.7938714861702618, 0.7905059359852763, 0.7886154890729201, 0.7856183353848076, 0.7837636556899564, 0.7815523009647996, 0.7794454908638482, 0.7769525490001074, 0.7747712188817006, 0.7723923354797577, 0.7705117712348574, 0.7683395551932978, 0.7663545377792851, 0.764803214795459, 0.7625274057976829, 0.7603438086964472, 0.7588050475796008], "valid_loss_dc": [0.9732362548510234, 0.9549234141906102, 0.9268408613072501, 0.969019443127844, 0.9083274460501141, 0.9046481718619664, 0.8931356940004561, 0.8949552228053411, 0.8920518428087234, 0.881185699502627, 0.8716755701435936, 0.8735406474934684, 0.8914122098022037, 0.873761111829016, 0.8685575620995627, 0.8581821865505642, 0.8504744960202111, 0.8540447576178445, 0.9526686307456759, 0.8596461584170659, 0.8696775681442684, 0.8384161101447212, 0.842067371805509, 0.8378643459743924, 0.8406681345568763, 0.8438398930761549, 0.8314542243878047, 0.8319731242126889, 0.8414266033305062, 0.8285264184077581, 0.837707171175215, 0.8293319506777658, 0.8167608410120011, 0.8196324742502636, 0.8242360356781218, 0.8421422243118286, 0.8156881011194653, 0.8098352822992537, 0.8128364344437917, 0.8147027280595568, 0.808210422595342, 0.8156484574079513, 0.8088602013058133, 0.8063488394021988, 0.809632365239991, 0.8006930179066128, 0.799888175063663, 0.7991455657614602, 0.8036553445789549, 0.8000798016786576], "train_loss_mask": [0.5511847593172402, 0.5211323025684704, 0.5071485933297813, 0.4984085525988195, 0.4920468810647935, 0.48567886059113674, 0.48123495266113175, 0.4772495695534796, 0.4735586184271589, 0.47012529303783457, 0.4668821936987894, 0.4635794393477901, 0.4613495983632718, 0.4583977369322516, 0.45586377846241666, 0.4535322632395034, 0.45159835087300015, 0.44915569484819035, 0.4471322608612697, 0.4450538323520778, 0.44283742607057847, 0.44122774754801103, 0.439053879964569, 0.4376133606360303, 0.435741249550275, 0.4342139437690189, 0.4322429967712386, 0.4310451586316712, 0.4295403776379488, 0.427542992594533, 0.42651459746073206, 0.4251766830557359, 0.42380261784850465, 0.4225407450095467, 0.4208009165266286, 0.41977977602210986, 0.4185806521610324, 0.4173049963540483, 0.4160714632247641, 0.4153131108213775, 0.4138189456406014, 0.41267619711486686, 0.41173735599531197, 0.4105106821652047, 0.4095766403481134, 0.40882571060393336, 0.40787111609380006, 0.4066778584834068, 0.40557585215668857, 0.4048786277439952], "valid_loss_mask": [0.5511847593172402, 0.5211323025684704, 0.5071485933297813, 0.4984085525988195, 0.4920468810647935, 0.48567886059113674, 0.48123495266113175, 0.4772495695534796, 0.4735586184271589, 0.47012529303783457, 0.4668821936987894, 0.4635794393477901, 0.4613495983632718, 0.4583977369322516, 0.45586377846241666, 0.4535322632395034, 0.45159835087300015, 0.44915569484819035, 0.4471322608612697, 0.4450538323520778, 0.44283742607057847, 0.44122774754801103, 0.439053879964569, 0.4376133606360303, 0.435741249550275, 0.4342139437690189, 0.4322429967712386, 0.4310451586316712, 0.4295403776379488, 0.427542992594533, 0.42651459746073206, 0.4251766830557359, 0.42380261784850465, 0.4225407450095467, 0.4208009165266286, 0.41977977602210986, 0.4185806521610324, 0.4173049963540483, 0.4160714632247641, 0.4153131108213775, 0.4138189456406014, 0.41267619711486686, 0.41173735599531197, 0.4105106821652047, 0.4095766403481134, 0.40882571060393336, 0.40787111609380006, 0.4066778584834068, 0.40557585215668857, 0.4048786277439952]}