{"train_loss_dc": [2023.24138680287, 1916.5755561294836, 1872.0450673512194, 1840.0703072986873, 1811.0395358836631, 1789.0584129241188, 1765.5918688425447, 1746.9862815860947, 1729.4356407715356, 1712.605733824303, 1696.9992342351425, 1682.6767910752153, 1667.5526669987373, 1655.110453421539, 1643.0969363979639, 1629.1369993479736, 1616.347483787958, 1606.9021399195478, 1595.4994955047816, 1585.5920853070495, 1576.1568920089344, 1566.509525850909, 1556.9735198444846, 1548.3619557821644, 1540.2644627955888, 1531.9742410771162, 1524.6993391186486, 1516.5120271525216, 1509.4461528491122, 1502.858995673407, 1496.2313329224082, 1489.5410316463272, 1483.3371626499263, 1477.6751882040394, 1472.124679701884, 1467.0391988899758, 1461.1975703031248, 1455.5305502789702, 1450.2772169118175], "valid_loss_dc": [1930.4145403731497, 1923.0999029862253, 1865.4646790193256, 1884.527322162829, 1786.788003957648, 1795.5875786389802, 1754.0820501387748, 1771.7745281661184, 1734.2647665244654, 1720.9914287366364, 1718.3532974403784, 1694.4156850071956, 1715.0745962685032, 1684.3269600637336, 1704.4957489977385, 1683.580181692023, 1653.1629679790296, 1654.5578266344573, 1652.8993752569902, 1680.3296651418586, 1656.8275600071956, 1628.8199696751644, 1629.3464363178455, 1649.0474108244243, 1614.2395221268503, 1620.7844830643503, 1609.828793045847, 1601.045779065584, 1602.214988049959, 1593.242964766653, 1597.3942151521383, 1589.0806505705182, 1598.3631395199425, 1582.5833131167763, 1582.7594031404194, 1579.1480240028784, 1574.5255610094573, 1573.967837556538, 1573.3911802271793], "train_loss_mask": [0.6904502036632957, 0.6836779942203985, 0.6803325039345863, 0.677828815486919, 0.6756375710441213, 0.6739272776009345, 0.6723324579198006, 0.6709796792422389, 0.669812488468116, 0.6686634941203916, 0.667719951715675, 0.6666850847109314, 0.6657598996902377, 0.6649025331071525, 0.6641211054282462, 0.6632431018421489, 0.662416573169042, 0.6618196420736027, 0.6610870682083262, 0.6604414833557725, 0.659738510611934, 0.6592239338212864, 0.6585305616110642, 0.6580024216126167, 0.6574845342715121, 0.6569362352516449, 0.6564682039507184, 0.6559527365080248, 0.6554659036650023, 0.6550287138327745, 0.6545934966446412, 0.6541473903761357, 0.653724591483385, 0.6533609106627218, 0.6529990061999997, 0.6526298489556822, 0.6522902235083051, 0.6518559358986599, 0.6515114842152232], "valid_loss_mask": [0.6839764995323985, 0.6824571243085359, 0.6782625677711085, 0.676784896599619, 0.672368994512056, 0.6721943604318719, 0.6696834417393333, 0.6700614816264102, 0.6676942608230992, 0.6665966755465458, 0.6659244782046267, 0.6650873652257417, 0.6648910619083204, 0.6646432874077245, 0.6677181353067096, 0.6630142951011657, 0.6623505517056114, 0.6623960904071206, 0.661611923418547, 0.665292471082587, 0.660907974494131, 0.6599869582527562, 0.6605308028271324, 0.6615386346766823, 0.6587672444393761, 0.6588639697275663, 0.6588324752606843, 0.6577092853345369, 0.6578313678189328, 0.6571167344796031, 0.6578862502700404, 0.6571293044090271, 0.6567545036265725, 0.657158016280124, 0.656396945150275, 0.6567804234906247, 0.655747262051231, 0.655682469041724, 0.6559095833176061]}