{"train_loss_dc": [1444.5803792392624, 1437.3371300132949, 1432.7533199143747, 1427.9884619795605, 1423.576403028397, 1419.0769367408652, 1415.0101329757313, 1410.942833849783, 1406.6850337590874, 1402.2903728455008], "valid_loss_dc": [1565.0658795487254, 1563.8470875308387, 1568.3192169510692, 1565.0738011410363, 1561.8253225226151, 1559.979957211143, 1559.4255103824014, 1553.633093904194, 1554.1618856650905, 1548.8142651367189], "train_loss_mask": [0.6511277061020431, 0.6506972660725522, 0.6503723040497472, 0.6500114254547633, 0.6497536630676898, 0.6494761537652716, 0.6491691058855318, 0.6489018572671735, 0.6486314501356665, 0.648330141029378], "valid_loss_mask": [0.6550946270792107, 0.6548635205469634, 0.6548413633045397, 0.6545871540119773, 0.6545704008403578, 0.6550758305348848, 0.6541141003056576, 0.6540420569871601, 0.6539699019883808, 0.654002524426109]}